year,est,lwr,upr,log_est,se,se_natural,type,index,index_id,common_name
2003,37073.43108,30318.54556,45333.28582,10.52065585,0.102624834,30350.47394,index,Coastwide,1,arrowtooth flounder
2004,37373.14401,30188.63484,46267.47453,10.52870765,0.108923863,30254.72863,index,Coastwide,1,arrowtooth flounder
2005,43362.00719,35885.3632,52396.39508,10.67733893,0.096560012,35709.345909999996,index,Coastwide,1,arrowtooth flounder
2006,32309.67108,26505.15914,39385.3453,10.38312188,0.101036143,26337.16445,index,Coastwide,1,arrowtooth flounder
2007,35588.03248,29712.94922,42624.78445,10.47976469,0.09205601,29455.64076,index,Coastwide,1,arrowtooth flounder
2008,39847.33488,33457.64676,47457.31546,10.5928108,0.089172639,32893.01904,index,Coastwide,1,arrowtooth flounder
2009,45712.20951,38551.87291,54202.45348,10.73012071,0.086920345,38061.99386,index,Coastwide,1,arrowtooth flounder
2010,55352.67167,46118.2663,66436.11104,10.92148021,0.093122029,46036.99987,index,Coastwide,1,arrowtooth flounder
2011,58484.42298,49080.58492,69690.03603,10.97651572,0.089438841,48105.14934,index,Coastwide,1,arrowtooth flounder
2012,54712.39109,45515.78012,65767.20714,10.90984549,0.093895159,44838.72788,index,Coastwide,1,arrowtooth flounder
2013,75748.80185,58144.28334,98683.49306,11.23517791,0.13494894,60907.71684,index,Coastwide,1,arrowtooth flounder
2014,56405.70604,47907.31082,66411.6524,10.9403256,0.083318982,46696.80496,index,Coastwide,1,arrowtooth flounder
2015,44101.85453,37616.74235,51704.9976,10.69425711,0.081150781,36299.65187,index,Coastwide,1,arrowtooth flounder
2016,47307.61435,39748.9665,56303.61172,10.76442654,0.088821745,38741.97759,index,Coastwide,1,arrowtooth flounder
2017,47993.70818,40188.33861,57315.03477,10.7788252,0.090559344,39558.62306,index,Coastwide,1,arrowtooth flounder
2018,34250.17448,28447.04404,41237.12996,10.44144694,0.094719804,27962.72302,index,Coastwide,1,arrowtooth flounder
2019,35787.00772,27551.01062,46485.04329,10.48534019,0.133444134,28501.76423,index,Coastwide,1,arrowtooth flounder
2021,31212.57811,25681.11666,37935.46228,10.34857644,0.099524888,25671.68853,index,Coastwide,1,arrowtooth flounder
2022,52658.6016,41602.56685,66652.81814,10.87158488,0.120240847,42731.37438,index,Coastwide,1,arrowtooth flounder
2023,68652.27277,56660.12698,83182.56256,11.13680952,0.097952567,56634.12631,index,Coastwide,1,arrowtooth flounder
2024,62609.32768,52139.4354,75181.63331,11.04466955,0.093365334,51607.58566,index,Coastwide,1,arrowtooth flounder
2003,5830.24747440751,4043.19559949861,8407.15834204271,8.67081472688402,0.186750410471202,5132.40355848485,index,Coastwide,2,aurora rockfish
2004,6665.47363439665,4508.05121402303,9855.37578469266,8.80469629301319,0.199532267075109,5858.0204488658,index,Coastwide,2,aurora rockfish
2005,6713.99100580058,4893.75864848438,9211.25835250007,8.81194883792046,0.161346286679938,5935.77557866499,index,Coastwide,2,aurora rockfish
2006,7305.04930550272,5223.0219378326,10217.0249313504,8.89632107371749,0.171171331565437,6466.73307730667,index,Coastwide,2,aurora rockfish
2007,7085.24674497651,5177.61054611688,9695.73145567119,8.86576997790883,0.160039182396901,6278.91621516784,index,Coastwide,2,aurora rockfish
2008,5824.85829526795,4466.46178305763,7596.38743325929,8.66988995114537,0.135481124390934,5191.50462458415,index,Coastwide,2,aurora rockfish
2009,6137.40431691243,4449.79150593242,8465.05542990879,8.72215718206882,0.164056412843249,5400.43721394436,index,Coastwide,2,aurora rockfish
2010,4341.21614138572,3258.87012403501,5783.03426308176,8.37590980475018,0.146315942765372,3845.76366228542,index,Coastwide,2,aurora rockfish
2011,4479.35455931254,3284.44574992842,6108.98117847475,8.4072342434477,0.158309566244327,3960.18418049374,index,Coastwide,2,aurora rockfish
2012,6920.88143123663,5125.11042292094,9345.86688532992,8.84229841495644,0.153263563828516,6144.13816752361,index,Coastwide,2,aurora rockfish
2013,5538.21824249392,3751.41997213053,8176.0670704307,8.61942811113318,0.198747736019568,4861.62845124046,index,Coastwide,2,aurora rockfish
2014,4533.85134488299,3313.69146308248,6203.29570405318,8.41932704378163,0.159956485763832,4009.29893936559,index,Coastwide,2,aurora rockfish
2015,5403.98902155389,4001.11361917487,7298.74233141557,8.5948926675373,0.153352134916656,4781.39176427009,index,Coastwide,2,aurora rockfish
2016,5640.62594715759,4132.94773288616,7698.2974700067,8.63775032187247,0.15867850439253,4969.76799823737,index,Coastwide,2,aurora rockfish
2017,6498.04378223643,4778.01186595367,8837.26834098888,8.7792564540082,0.15687872077991,5732.80611377277,index,Coastwide,2,aurora rockfish
2018,6226.95586711141,4603.2668760818,8423.36115084373,8.73664286750374,0.15414637667987,5502.69890586206,index,Coastwide,2,aurora rockfish
2019,5747.34303452102,3525.18258156746,9370.2811676125,8.65649294604623,0.249395111240572,4986.75093142759,index,Coastwide,2,aurora rockfish
2021,6988.14607425777,5095.59671863881,9583.60487527149,8.8519705746213,0.161145061764857,6169.81428744185,index,Coastwide,2,aurora rockfish
2022,6153.35910259859,4344.6245207192,8715.097948042,8.72475340723456,0.177584278292799,5377.29819433276,index,Coastwide,2,aurora rockfish
2023,5030.17214709862,3621.25163013603,6987.26142609876,8.52320948658343,0.167673737851213,4421.44470540061,index,Coastwide,2,aurora rockfish
2024,6209.81109940113,4491.55676075983,8585.38719295222,8.73388575568888,0.165274015380802,5444.01742541514,index,Coastwide,2,aurora rockfish
2003,9443.06393726675,6870.58930274163,12978.720251511,9.15303577610394,0.162263499700858,7872.42132294088,index,Coastwide,3,big skate
2004,14872.8906987553,11275.9173990837,19617.2843333436,9.60729541859466,0.141263254807397,12464.5215193447,index,Coastwide,3,big skate
2005,10608.7151082681,8214.2682162678,13701.1396858833,9.2694311223206,0.130514222099983,8904.13260597527,index,Coastwide,3,big skate
2006,9005.146519546,6516.56209200373,12444.0867275703,9.10555152838785,0.165028185000023,7515.60808511603,index,Coastwide,3,big skate
2007,8710.32905294517,6491.33746133886,11687.8582668744,9.0722648478867,0.150023664419344,7277.72870898838,index,Coastwide,3,big skate
2008,5588.58087681577,3892.86622555753,8022.94104319959,8.62848066572878,0.184482819264424,4642.76481604394,index,Coastwide,3,big skate
2009,9259.5570769479,6965.58090950091,12309.0088788301,9.13341149463317,0.14524512187502,7750.2856501702,index,Coastwide,3,big skate
2010,10786.8310743519,8674.71851232472,13413.1988791671,9.28608132413896,0.111182230753336,9116.54219033214,index,Coastwide,3,big skate
2011,7656.0687776365,5975.87520076466,9808.67022129245,8.94325391658728,0.126414605244398,6445.18030698214,index,Coastwide,3,big skate
2012,10124.3428241809,7938.86864945556,12911.4515112393,9.2226979836145,0.124069589501563,8537.78787756489,index,Coastwide,3,big skate
2013,10977.909039403101,8287.16450222675,14542.3065808608,9.3036402633589,0.143460346357391,9190.08709526077,index,Coastwide,3,big skate
2014,18019.7482357514,14784.184988119,21963.4242091001,9.79922355968579,0.10097647442463,15252.5270572533,index,Coastwide,3,big skate
2015,16659.0262159992,13525.0791538654,20519.1519626733,9.72070746359233,0.106331804628637,14080.0670950661,index,Coastwide,3,big skate
2016,15880.5336882825,12381.6986026765,20368.0737447576,9.67284934181087,0.126979169801769,13333.7305577303,index,Coastwide,3,big skate
2017,12658.1913590636,10100.345144779,15863.7953640127,9.44605982285912,0.115173008098017,10671.515356195,index,Coastwide,3,big skate
2018,14217.4664458581,11325.6364359648,17847.6815216505,9.56222651911895,0.116023750795562,11986.4671676029,index,Coastwide,3,big skate
2019,12007.3797960208,8529.32920771024,16903.6938374425,9.39327672274732,0.174498474074752,10006.5804148093,index,Coastwide,3,big skate
2021,8677.45786730459,6620.65154258924,11373.2424300642,9.06848389232854,0.138030509766351,7265.53391550237,index,Coastwide,3,big skate
2022,14545.1844267278,11435.6825926661,18500.1978057002,9.5850152505827,0.122717281809141,12234.928570458,index,Coastwide,3,big skate
2023,8794.04259126893,6802.44881610056,11368.727231583,9.08182979294815,0.131018655762223,7385.08297850032,index,Coastwide,3,big skate
2024,5649.64914196229,4209.71137285032,7582.11967526503,8.63934872344454,0.150104470774278,4708.80502608801,index,Coastwide,3,big skate
2003,1692.33181895661,977.74887954242,2929.16417024513,7.43386263143347,0.279908084067332,961.153486895266,index,Coastwide,5,bocaccio
2004,8300.38724494519,4314.21397272346,15969.6363814232,9.02405744871382,0.333877065367064,4653.6026645671,index,Coastwide,5,bocaccio
2005,2693.44155987532,1576.24648840819,4602.47016555757,7.89857504516174,0.273358791245754,1569.19427527289,index,Coastwide,5,bocaccio
2006,2959.14743745753,1657.66030404947,5282.47767966707,7.99265647794414,0.295665660579976,1674.11056381929,index,Coastwide,5,bocaccio
2007,2535.33244097403,1203.15415389164,5342.54946921312,7.83808004785081,0.380301987557761,1377.1919266902,index,Coastwide,5,bocaccio
2008,2143.78818917284,1055.90680512103,4352.4937785681,7.67032972494699,0.361320168578392,1195.58731735907,index,Coastwide,5,bocaccio
2009,1252.53288556655,581.419691856063,2698.28946525268,7.1329230885557,0.391563435520534,685.805289809779,index,Coastwide,5,bocaccio
2010,866.082756634787,447.555020121607,1675.99358205456,6.76398046593062,0.336833222951261,480.111183024411,index,Coastwide,5,bocaccio
2011,879.989010606661,391.862772437985,1976.15265663196,6.7799094194473,0.412761518904575,480.01215190702,index,Coastwide,5,bocaccio
2012,4406.8717077416,2419.24211371635,8027.52156900091,8.39092035339978,0.305980499733491,2707.90538875872,index,Coastwide,5,bocaccio
2013,3879.12720665167,2325.92207223106,6469.53226208101,8.26336546057375,0.260970933650356,2250.52107703558,index,Coastwide,5,bocaccio
2014,5243.2798572024,3248.76502705944,8462.28749446626,8.56470250845154,0.244225047395062,3393.65411819141,index,Coastwide,5,bocaccio
2015,3842.13925522113,2280.72340072141,6472.52273197259,8.25378458817429,0.266095009726928,2208.22968712678,index,Coastwide,5,bocaccio
2016,10804.6549138958,7246.61821801409,16109.6616789016,9.28773233079985,0.203800757367221,6842.00724052533,index,Coastwide,5,bocaccio
2017,7115.1188042864,4695.49778325947,10781.5865188137,8.86997720810576,0.21205379345665,4140.90030679828,index,Coastwide,5,bocaccio
2018,12155.9918473496,7611.56526772202,19413.6334111806,9.40557748336762,0.238858148269458,7514.12207241917,index,Coastwide,5,bocaccio
2019,12145.2715398942,6868.73706944055,21475.2172468552,9.40469519934971,0.290801090333978,6823.45592620595,index,Coastwide,5,bocaccio
2021,7124.58823083766,4987.38488099501,10177.629894259,8.87130721130368,0.181962645584225,4360.69011642953,index,Coastwide,5,bocaccio
2022,6252.07467915705,3815.52823137492,10244.5678352827,8.74066863631281,0.251960874984062,3683.61464328064,index,Coastwide,5,bocaccio
2023,5690.8848731738,3678.56958130366,8804.01197365441,8.64662102876817,0.222627444862975,3423.98556412303,index,Coastwide,5,bocaccio
2024,9435.5156572803,6384.06786092533,13945.4901887396,9.152236109969,0.199327816293187,5780.45410362094,index,Coastwide,5,bocaccio
2003,81039.0433521683,49660.4764604305,132244.533591365,11.3026863342153,0.24986259166553,67218.0932306537,index,Coastwide,7,chilipepper
2004,151923.928053568,89932.5905643274,256646.447860483,11.931135201218,0.267514878031968,125790.82055632,index,Coastwide,7,chilipepper
2005,139065.240554693,84088.8527676141,229984.599551854,11.8426984585081,0.256672659627096,115148.352434188,index,Coastwide,7,chilipepper
2006,69963.4335390757,42131.9984247717,116179.678524309,11.1557280065314,0.258762519088777,57891.4104004047,index,Coastwide,7,chilipepper
2007,120940.074612348,69773.6231113135,209627.951008162,11.7030504507639,0.280637363828859,99671.3845627351,index,Coastwide,7,chilipepper
2008,38573.2179005854,23358.2132955651,63698.9276696322,10.5603134778644,0.255927932063595,31884.0710754199,index,Coastwide,7,chilipepper
2009,47668.3319298557,28080.8712071403,80918.7810525307,10.7720225555551,0.269994079572588,39372.7146471232,index,Coastwide,7,chilipepper
2010,53786.7423598094,33650.6154255815,85972.08749654,10.8927822912435,0.239287900704048,44557.2131662593,index,Coastwide,7,chilipepper
2011,44353.7139555865,27195.6054872298,72337.1260322828,10.6999517261839,0.249566346004465,36727.0982549886,index,Coastwide,7,chilipepper
2012,43721.3261264644,27620.9902985285,69206.5830224232,10.6855912740918,0.234320628845125,36253.386644394,index,Coastwide,7,chilipepper
2013,77960.8056710133,47892.0752519005,126907.99446266,11.2639614879834,0.248604650752745,64173.4523932279,index,Coastwide,7,chilipepper
2014,63971.4942894552,41947.3918674193,97559.1544418367,11.0661928613937,0.215320958532692,52636.1206193096,index,Coastwide,7,chilipepper
2015,56883.9313004172,35408.138443768,91385.2515948941,10.9487681777782,0.241877508605844,46955.4395404696,index,Coastwide,7,chilipepper
2016,101112.974911609,65552.5498125568,155963.936181126,11.5239937341787,0.221119546287362,83737.2957971458,index,Coastwide,7,chilipepper
2017,99018.2200821619,58390.5300582935,167914.350125802,11.5030591534172,0.269469315993407,81866.9716946097,index,Coastwide,7,chilipepper
2018,133613.557709867,83438.1775830746,213961.801671822,11.8027070148002,0.24023184615872,110529.859825462,index,Coastwide,7,chilipepper
2019,112563.736165171,59182.5448450048,214093.441447063,11.6312748838917,0.328012638068256,93096.6850163247,index,Coastwide,7,chilipepper
2021,65136.5479502763,42065.4827598166,100861.076600589,11.0842410831103,0.223095062011447,53667.4722968489,index,Coastwide,7,chilipepper
2022,45364.8354443585,28507.3321500539,72190.8414319939,10.7224925342271,0.23703289259384,37418.4388035207,index,Coastwide,7,chilipepper
2023,78461.8195254755,48092.1767728905,128009.533698598,11.2703674099799,0.249745717793556,64913.2741906229,index,Coastwide,7,chilipepper
2024,76426.0000846522,49617.9253458928,117718.212686673,11.2440782325047,0.220397308514265,63183.1067743906,index,Coastwide,7,chilipepper
2003,66197.7430942367,37345.5910521762,117340.255363697,11.1004016491119,0.292062259384546,59492.0874937965,index,Coastwide,8,chilipepper
2004,204694.745180174,111295.617207959,376474.292119564,12.2292751004854,0.310888336208642,183985.86660661,index,Coastwide,8,chilipepper
2005,205802.730593576,114446.336315589,370084.052345525,12.2346733704844,0.299399408084661,184185.170097721,index,Coastwide,8,chilipepper
2006,113338.927439411,60329.932010944,212924.365152373,11.6381379664656,0.321717300398295,101283.099435868,index,Coastwide,8,chilipepper
2007,189158.410844842,98187.6877054061,364413.351913326,12.1503400956062,0.334548998899213,167971.764161564,index,Coastwide,8,chilipepper
2008,65278.2719821993,35868.2435670487,118802.940127704,11.0864145184267,0.30551934650368,58181.881259023,index,Coastwide,8,chilipepper
2009,62323.235211419,34034.5999860009,114124.615797321,11.040089592089,0.30865702842848,55453.2270550897,index,Coastwide,8,chilipepper
2010,47715.7586558485,27480.5577472227,82851.0703838711,10.7730169924598,0.281527086315678,42749.2340548555,index,Coastwide,8,chilipepper
2011,57838.0697759416,32275.826325869,103645.442927839,10.9654024844906,0.297622135429086,51746.6224672045,index,Coastwide,8,chilipepper
2012,72008.4422538034,41526.2424194632,124865.99927445,11.1845386446496,0.280850972346021,64528.782223375,index,Coastwide,8,chilipepper
2013,112549.955656955,63688.1610873772,198898.701141696,11.6311524523495,0.290514768003353,101052.466247112,index,Coastwide,8,chilipepper
2014,107783.853475141,64767.3462381645,179370.620300406,11.5878831440042,0.259865134649138,96748.7708634453,index,Coastwide,8,chilipepper
2015,66827.9592191645,38545.3821650322,115862.805932944,11.1098768231417,0.280762934350995,60007.2675621304,index,Coastwide,8,chilipepper
2016,141017.873034131,82829.4014273234,240084.31996842,11.8566419204344,0.27148639341622,126708.24900174,index,Coastwide,8,chilipepper
2017,72864.1279490327,41542.8101004728,127800.240978705,11.1963517248598,0.286674646109977,65362.8166415562,index,Coastwide,8,chilipepper
2018,116427.651417405,65821.4084981049,205942.08364537,11.6650253412001,0.290987448845183,104371.102568338,index,Coastwide,8,chilipepper
2019,108995.077355711,54025.0664533963,219896.57149289,11.5990579983172,0.358095655037576,97688.8400071451,index,Coastwide,8,chilipepper
2021,86049.2374458608,51645.3881470328,143371.393471452,11.362674939844,0.260473541240285,77232.4916303049,index,Coastwide,8,chilipepper
2022,109268.142875424,63343.2090657148,188489.4564634,11.6015601666798,0.278187348362359,97756.433765413,index,Coastwide,8,chilipepper
2023,120060.693081195,68654.6542786151,209957.652173726,11.6957526695794,0.285162619251091,107550.086507655,index,Coastwide,8,chilipepper
2024,117891.464818131,69683.8330558312,199449.382553756,11.6775196905049,0.268268231062816,105729.06529278,index,Coastwide,8,chilipepper
2003,1762.48015556912,1252.44804887592,2480.2116954575,7.47447727537148,0.174300101384894,1364.98622869651,index,Coastwide,9,curlfin sole
2004,1190.66343590373,837.554285356947,1692.64182917277,7.08226593991788,0.179482818438204,932.69800637833,index,Coastwide,9,curlfin sole
2005,912.818760938443,662.14854376974,1258.38544562434,6.81653735151198,0.163802721335232,729.879362622932,index,Coastwide,9,curlfin sole
2006,510.653406949931,352.600456849515,739.553500184101,6.23569109579257,0.188960375339307,400.377274377232,index,Coastwide,9,curlfin sole
2007,546.289279891991,371.693664577611,802.897670220033,6.30314865209361,0.19647229358498,420.915498434212,index,Coastwide,9,curlfin sole
2008,578.004577639122,403.054949372225,828.892666600764,6.35958178843188,0.183936484457985,449.835334765742,index,Coastwide,9,curlfin sole
2009,779.291306809987,555.432440221451,1093.37319337612,6.65838492566088,0.172777635921874,608.259214627172,index,Coastwide,9,curlfin sole
2010,570.973633781084,403.524095871504,807.909351160502,6.34734303307515,0.177098575653641,445.169800869831,index,Coastwide,9,curlfin sole
2011,1066.81172811375,775.16744703735,1468.18247798042,6.97242978597986,0.162937034450583,835.679553642167,index,Coastwide,9,curlfin sole
2012,1901.85343181513,1421.25404960903,2544.96828142866,7.55058418010195,0.148619713428303,1526.50135373686,index,Coastwide,9,curlfin sole
2013,2295.4932734921,1654.96488807079,3183.92819486942,7.73870303338313,0.166925496613653,1789.52144051815,index,Coastwide,9,curlfin sole
2014,2366.17593832405,1780.90667778746,3143.78548911919,7.76903040285739,0.144978439376299,1868.78430585096,index,Coastwide,9,curlfin sole
2015,2540.44125464323,1907.53407892598,3383.34284015889,7.8400930672251,0.146189644673087,2008.19459286798,index,Coastwide,9,curlfin sole
2016,2401.1460562066,1738.21057133031,3316.91825969275,7.78370142577743,0.164844850503569,1869.05378515662,index,Coastwide,9,curlfin sole
2017,1604.51173230222,1190.72011933215,2162.10162010147,7.38057477264672,0.152176891832007,1269.94591811624,index,Coastwide,9,curlfin sole
2018,1556.93096471561,1093.43094361475,2216.90637442243,7.35047183219694,0.180307469199945,1192.35582526661,index,Coastwide,9,curlfin sole
2019,913.905181849496,567.716339089961,1471.19718757823,6.81772682630202,0.242915144916013,679.032743134962,index,Coastwide,9,curlfin sole
2021,1268.37309942407,950.637663009322,1692.30652428594,7.14549033416435,0.147123800638266,1023.90517816363,index,Coastwide,9,curlfin sole
2022,952.179493826287,695.619805507415,1303.36396589792,6.85875356095437,0.160181671093767,758.799946177362,index,Coastwide,9,curlfin sole
2023,1112.82727066544,819.202502936674,1511.69525226953,7.0146591466582,0.156292584685882,881.581257842328,index,Coastwide,9,curlfin sole
2024,1018.70803301707,791.032593514432,1311.91314370864,6.92629046912209,0.129059155547857,830.999555722079,index,Coastwide,9,curlfin sole
2003,11339.4631259461,7707.65076974278,16682.5700626525,9.33604423277001,0.196980921493259,10247.0499847981,index,Coastwide,10,darkblotched rockfish
2004,9558.55797972969,6370.18735734411,14342.754070886,9.1651921557277,0.207048700047086,8646.46880575114,index,Coastwide,10,darkblotched rockfish
2005,9081.36340655179,6298.09558795321,13094.6188685364,9.1139796152298,0.186726408781768,8216.27704397845,index,Coastwide,10,darkblotched rockfish
2006,7847.07182539513,5582.29468614992,11030.685353406,8.9678957253155,0.173748356134496,7117.10973807993,index,Coastwide,10,darkblotched rockfish
2007,7951.62610555097,5677.97902214304,11135.7152740264,8.98113172831134,0.171830242048997,7207.73440352957,index,Coastwide,10,darkblotched rockfish
2008,5513.0661065395,3834.49622606083,7926.43833849805,8.61487620954618,0.185249764491608,4988.76043120431,index,Coastwide,10,darkblotched rockfish
2009,9831.27423172925,6989.30380474836,13828.8384250516,9.1933238315694,0.174078504881476,8912.88040899962,index,Coastwide,10,darkblotched rockfish
2010,8034.15628163999,5619.20572743017,11486.9734778931,8.99145726726177,0.182407261980716,7266.54255383163,index,Coastwide,10,darkblotched rockfish
2011,7785.38298568868,5409.79636182441,11204.1533876535,8.96000327839378,0.185736345769997,7040.75423147172,index,Coastwide,10,darkblotched rockfish
2012,9190.88489149665,6305.98229638764,13395.5918552342,9.12596749923406,0.192204280041839,8299.92854008825,index,Coastwide,10,darkblotched rockfish
2013,7623.22078726208,5113.27228067278,11365.2260199409,8.93895423487228,0.203758534205231,6899.8202924153,index,Coastwide,10,darkblotched rockfish
2014,6340.42230235687,4391.86169532998,9153.51114425378,8.75470065441753,0.187346382257374,5735.59973270476,index,Coastwide,10,darkblotched rockfish
2015,9501.8628606308,6743.11550284614,13389.2705507013,9.1592431489581,0.174985772074905,8616.48315251885,index,Coastwide,10,darkblotched rockfish
2016,10888.911071025,7698.84635534417,15400.7988781834,9.29550021744936,0.176877966915782,9862.35507907708,index,Coastwide,10,darkblotched rockfish
2017,8377.51741147498,5940.67052700782,11813.9522568197,9.03330689797099,0.175375471876925,7589.40317861509,index,Coastwide,10,darkblotched rockfish
2018,7338.05442544023,5060.65593396154,10640.328734732,8.9008290218188,0.18958391054731,6629.40468418523,index,Coastwide,10,darkblotched rockfish
2019,8355.04863235732,5078.22350715444,13746.3106046256,9.03062126176149,0.254037568849675,7530.8733103453,index,Coastwide,10,darkblotched rockfish
2021,5663.2988406538,4021.22879674256,7975.90870346189,8.64176183545321,0.174706796868427,5136.45633860336,index,Coastwide,10,darkblotched rockfish
2022,15225.3129307743,10934.1389056204,21200.5861495732,9.63071464611231,0.168916095061839,13820.9656321998,index,Coastwide,10,darkblotched rockfish
2023,18120.2430629517,12853.4184080721,25545.205036992,9.80478499357718,0.175217461834142,16428.388532392,index,Coastwide,10,darkblotched rockfish
2024,20139.200537972,13998.8770159809,28972.8524542104,9.91042347024992,0.185560082166174,18218.453522511,index,Coastwide,10,darkblotched rockfish
2003,279174.261673686,248135.555782793,314095.527886668,12.5395914596385,0.0601342620842975,243138.745298898,index,Coastwide,11,Dover sole
2004,292536.891339705,259066.664268182,330331.31852931,12.5863460619394,0.0619936714851115,253886.429223029,index,Coastwide,11,Dover sole
2005,313814.941922338,280925.102162934,350555.422123166,12.6565587342161,0.0564884674652939,273656.955448771,index,Coastwide,11,Dover sole
2006,291717.132045218,262218.297697137,324534.503793386,12.5835398858597,0.054392454941148,254665.694735565,index,Coastwide,11,Dover sole
2007,348289.0342906,313569.019187837,386853.432527445,12.7607879723402,0.0535791481095765,305237.666175994,index,Coastwide,11,Dover sole
2008,300586.787014396,271276.963753777,333063.358117079,12.6134917999603,0.0523459697878803,263322.694320051,index,Coastwide,11,Dover sole
2009,275534.218765343,248335.398363014,305711.977475116,12.526467105907,0.0530272915788249,241498.435470552,index,Coastwide,11,Dover sole
2010,242451.950247074,220173.753488312,266984.35779599,12.3985588264157,0.0491777017216112,213187.696799573,index,Coastwide,11,Dover sole
2011,245427.179320689,221690.886000366,271704.901523151,12.4107555603041,0.0518970123701002,215245.492183234,index,Coastwide,11,Dover sole
2012,255993.280839972,231950.89441278,282527.730712652,12.4529064763984,0.0503200624834596,224623.533566297,index,Coastwide,11,Dover sole
2013,282835.334445663,249628.839070847,320459.073193409,12.5526201501984,0.0637204056968554,244740.216540018,index,Coastwide,11,Dover sole
2014,291347.00922015,262201.09679832,323732.74108314,12.5822703072711,0.0537781687518383,254427.837623536,index,Coastwide,11,Dover sole
2015,277036.897342245,249973.816515279,307029.92640962,12.5319059797003,0.0524471485652861,242513.752217811,index,Coastwide,11,Dover sole
2016,289359.958786655,261738.617151869,319896.187502329,12.5754267241967,0.0511872078679794,253729.038066213,index,Coastwide,11,Dover sole
2017,344744.750195445,308471.16327984,385283.802620805,12.7505595676801,0.0567234523541238,302006.621984236,index,Coastwide,11,Dover sole
2018,324320.698729808,293496.114936468,358382.650643808,12.6894881161291,0.0509542194489029,284329.295782843,index,Coastwide,11,Dover sole
2019,304557.515647984,263869.693716424,351519.263282105,12.6266152338389,0.0731669352610526,261878.025619889,index,Coastwide,11,Dover sole
2021,332195.251959178,299689.355077407,368226.910814761,12.7134781833415,0.0525399701595009,290402.74325627,index,Coastwide,11,Dover sole
2022,421648.248313282,379485.195165062,468495.866428539,12.9519267106322,0.0537539709041301,368209.665522078,index,Coastwide,11,Dover sole
2023,394125.434653156,353530.85781531,439381.329257794,12.8844244996775,0.0554594103574824,344221.404555442,index,Coastwide,11,Dover sole
2024,358958.118200382,323372.148077208,398460.199457855,12.7909609982704,0.0532672533208194,313923.016494043,index,Coastwide,11,Dover sole
2003,37517.0544580726,31275.591832136,45004.0844235515,10.5325508941235,0.0928372342110033,29797.267250925,index,Coastwide,12,English sole
2004,36742.8301344524,31077.8213551448,43440.4828723854,10.5116983872246,0.0854345714967668,29394.4752529095,index,Coastwide,12,English sole
2005,29224.7905235126,25455.0379998825,33552.8228693721,10.282772618599,0.0704623454957175,23753.8003229954,index,Coastwide,12,English sole
2006,19590.0765101782,16526.3479309517,23221.7728489113,9.88277841650412,0.0867705668354239,15642.8346815207,index,Coastwide,12,English sole
2007,19110.4121531238,16139.2077917108,22628.6108572092,9.85798860440749,0.0862167614600161,15436.6427298381,index,Coastwide,12,English sole
2008,14260.5096316205,12075.5841097248,16840.7700286537,9.56524943187249,0.0848528760514595,11425.2992354318,index,Coastwide,12,English sole
2009,15762.5925588956,13339.8274637245,18625.3776410075,9.66539485235082,0.0851472108849977,12667.1939809139,index,Coastwide,12,English sole
2010,17465.4302634123,14937.5005638123,20421.1710642618,9.76797879268968,0.079771183299449,14205.8163873709,index,Coastwide,12,English sole
2011,17895.0569441194,15461.5744299232,20711.5429599148,9.79227980531964,0.0745761914923829,14488.4289419434,index,Coastwide,12,English sole
2012,18206.350538243,15811.5907915606,20963.8109340842,9.80952574287543,0.071953974419458,14794.930569969,index,Coastwide,12,English sole
2013,27829.3781834676,23405.7495490169,33089.0616622439,10.2338475108807,0.0883233232133523,22067.473945744,index,Coastwide,12,English sole
2014,28524.8961919268,24850.7248709704,32742.2925079619,10.2585325355274,0.0703535042775029,23182.3296425768,index,Coastwide,12,English sole
2015,34640.8464929841,29958.0610080368,40055.6045809699,10.4527887992422,0.0741008937965092,28058.9893167756,index,Coastwide,12,English sole
2016,31066.5307684152,26829.0008004297,35973.3611089025,10.3438863375888,0.0748215976909384,25199.8618865828,index,Coastwide,12,English sole
2017,32072.6768902532,27994.1817735824,36745.3712784455,10.375759759433,0.0693930024945665,26138.4452707515,index,Coastwide,12,English sole
2018,36498.2245516665,31422.0202734926,42394.4858996746,10.5050188959674,0.0764068566773361,29738.7984456206,index,Coastwide,12,English sole
2019,33223.3262736697,27123.0806976777,40695.5766194075,10.4110075068022,0.10350556324117,26269.0276936181,index,Coastwide,12,English sole
2021,28530.3306286936,24418.625336301,33334.3812181148,10.2587230329484,0.0794002239992791,23075.4644620963,index,Coastwide,12,English sole
2022,41165.3597521809,34658.765498263,48893.456508467,10.6253523989675,0.0877804159494129,33305.0649711741,index,Coastwide,12,English sole
2023,32674.2338395418,28109.3922420789,37980.3856236666,10.3943420903075,0.076778475793056,26482.5853632841,index,Coastwide,12,English sole
2024,25881.7123527419,22254.5187838054,30100.0907194421,10.1612919115242,0.0770379222955829,20923.0586548756,index,Coastwide,12,English sole
2003,23803.3961029889,18292.1971878654,30975.0469129894,10.0775835428827,0.134366590526366,16744.8351444173,index,Coastwide,16,lingcod
2004,24697.8238460056,19037.5451986643,32041.027157804,10.1144704153342,0.132809605684401,17181.5442963811,index,Coastwide,16,lingcod
2005,19488.8402430524,15267.0105467666,24878.1444707694,9.87759728550034,0.124567431518274,13696.9900923742,index,Coastwide,16,lingcod
2006,25450.6666550784,19949.4057061436,32468.958861689,10.1444972163342,0.124258703499972,18002.6835520094,index,Coastwide,16,lingcod
2007,14721.2973601189,11591.3869639279,18696.3472653842,9.59705052427677,0.121957815536103,10387.5640588563,index,Coastwide,16,lingcod
2008,13956.8209109119,11056.4509236896,17618.0269133113,9.5437236219376,0.118856414286987,9827.35249749509,index,Coastwide,16,lingcod
2009,11750.5717871723,9336.05498302387,14789.5377197927,9.37165718112638,0.117358339049129,8318.68566029413,index,Coastwide,16,lingcod
2010,13105.531841446,10392.421062903,16526.9443768261,9.48078969802797,0.118347900442426,9344.96209740549,index,Coastwide,16,lingcod
2011,18454.2260393961,14486.9891576533,23507.8838678645,9.8230486768657,0.123493315516293,13183.0305589187,index,Coastwide,16,lingcod
2012,23505.9956928888,18226.33165113,30315.0323438698,10.0650108034582,0.129792273725371,16602.3082574382,index,Coastwide,16,lingcod
2013,25554.8954140777,19423.3384236987,33622.0615312786,10.1485841786124,0.139978870649028,17685.1383679623,index,Coastwide,16,lingcod
2014,29417.3908457013,23462.786404807,36883.2102563681,10.2893413038086,0.115395189837476,21107.8439532263,index,Coastwide,16,lingcod
2015,21099.4763398082,16853.3230171404,26415.4375585963,9.95700350113762,0.114645154132147,14989.0508351004,index,Coastwide,16,lingcod
2016,26500.5315167031,21169.3361236538,33174.3124378413,10.1849200690072,0.114599587767994,18764.0583988196,index,Coastwide,16,lingcod
2017,25947.8782941381,20695.2129037654,32533.7260891335,10.1638451239465,0.115403871657706,18393.9469142134,index,Coastwide,16,lingcod
2018,26163.4895167753,20371.9064849346,33601.5769658394,10.1721201879893,0.127659534737036,18474.9368140668,index,Coastwide,16,lingcod
2019,17656.2012205875,12966.6331765264,24041.8185120114,9.77884234459725,0.15750681588252,12048.7195184553,index,Coastwide,16,lingcod
2021,17704.7678427048,14226.5249103773,22033.4063545924,9.78158925193277,0.111596846210145,12586.0948710718,index,Coastwide,16,lingcod
2022,14200.7871124655,11206.2379823896,17995.5445289021,9.56105267250846,0.120832224176639,10095.509214538,index,Coastwide,16,lingcod
2023,17739.5636647255,14098.6593906605,22320.7122248312,9.78355265943512,0.117205044622078,12641.1416986616,index,Coastwide,16,lingcod
2024,25508.8037913228,20615.3752313361,31563.7752678457,10.1467789182811,0.108668563874726,18578.8638915397,index,Coastwide,16,lingcod
2003,47025.0872796748,40982.7410827589,53958.2950099777,10.7584365101946,0.07016975996395,42486.7376423729,index,Coastwide,17,longnose skate
2004,62770.3909273595,54504.3909414078,72289.9918542188,11.0472387592253,0.0720432697747844,56890.634271329,index,Coastwide,17,longnose skate
2005,51046.9842050997,45318.0531616562,57500.1443054152,10.8405017465314,0.0607363149778421,46401.8940348524,index,Coastwide,17,longnose skate
2006,57126.6540524647,50644.444095371,64438.5511880517,10.9530260827439,0.0614507573246416,51976.9275402227,index,Coastwide,17,longnose skate
2007,56898.6624716102,50736.8639170242,63808.7879525392,10.9490271131881,0.0584802015578601,51795.5365286003,index,Coastwide,17,longnose skate
2008,56895.048500788,50596.357079763,63977.8579079113,10.9489635952521,0.059862700521447,51700.7298169354,index,Coastwide,17,longnose skate
2009,48974.7663530045,43342.5141571587,55338.9157498892,10.7990604720613,0.0623333844552223,44326.3228365966,index,Coastwide,17,longnose skate
2010,57798.2831524295,51439.7649538805,64942.7838242172,10.9647143509742,0.0594641341974704,52503.6944677155,index,Coastwide,17,longnose skate
2011,57318.9648811021,51139.1668364654,64245.5467752806,10.95638682318,0.0582055931561206,52196.51455922,index,Coastwide,17,longnose skate
2012,62423.579241804,55772.0663855957,69868.3677670619,11.0416983554465,0.0574857169405815,56875.5143844514,index,Coastwide,17,longnose skate
2013,68065.4319216544,59448.772706218,77931.0120593421,11.1282247556497,0.0690596862727057,61954.8928417701,index,Coastwide,17,longnose skate
2014,60671.3007939745,54181.28052964,67938.7180230862,11.0132260611874,0.0577231581756391,55293.0254043194,index,Coastwide,17,longnose skate
2015,53090.4743856392,47504.8471059005,59332.8605859699,10.8797528010367,0.0567182727653648,48422.9669241366,index,Coastwide,17,longnose skate
2016,62395.6597252913,55583.2635872769,70042.9967815977,11.041250996254,0.0589876022511446,56791.1383775603,index,Coastwide,17,longnose skate
2017,58436.6062812029,52188.4750291931,65432.7790140282,10.9756977923304,0.0576953600216978,53196.0235233947,index,Coastwide,17,longnose skate
2018,60486.3526559399,54003.4538138429,67747.4975995128,11.010173042638,0.0578427769670898,55015.9253148043,index,Coastwide,17,longnose skate
2019,54767.082465509,46924.3699653774,63920.5880440581,10.9108446075167,0.0788545982417436,49791.8469338992,index,Coastwide,17,longnose skate
2021,57626.270046453,51403.3473407101,64602.5438276614,10.9617338199078,0.058304768927492,52416.5453707963,index,Coastwide,17,longnose skate
2022,71323.8264255124,63262.7265697882,80412.092424831,11.1749857220454,0.0611920045736601,64838.3407317803,index,Coastwide,17,longnose skate
2023,67513.9323841006,60145.5986457839,75784.9480027484,11.1200892612523,0.0589631832061537,61512.8100500213,index,Coastwide,17,longnose skate
2024,60203.1116191867,53568.5272544038,67659.4044002635,11.0054793179875,0.0595737076781246,54679.2305659795,index,Coastwide,17,longnose skate
2003,6698.29511151768,4859.9334472769,9232.05181464398,8.80960831203086,0.163690910515032,5237.4841257517,index,Coastwide,19,Pacific cod
2004,6229.46499245975,4177.2636760535,9289.8694221151,8.73704573208427,0.203898667031946,4704.04770181021,index,Coastwide,19,Pacific cod
2005,1630.54398974198,983.829044909121,2702.37366567003,7.39666897416135,0.257768423826297,1212.1455160088601,index,Coastwide,19,Pacific cod
2006,1339.62417256013,588.341017235388,3050.25974925254,7.20014438536767,0.419822838984471,939.77500172255,index,Coastwide,19,Pacific cod
2007,442.681001313802,250.827939833524,781.278469433086,6.09284942332997,0.289843192228022,334.360092844992,index,Coastwide,19,Pacific cod
2008,972.406726498497,488.969079006219,1933.81316393525,6.87977415983731,0.350758948072806,691.672990194732,index,Coastwide,19,Pacific cod
2009,908.1625859497,485.14053332522,1700.04199992492,6.81142342198804,0.319896089180642,659.07792896282,index,Coastwide,19,Pacific cod
2010,4918.5736478706,3108.67125870326,7782.22099290701,8.50077385848524,0.234097767220679,3857.81080971878,index,Coastwide,19,Pacific cod
2011,5782.00443991578,3417.41889394175,9782.69752135792,8.66250569046181,0.268303325399529,4433.06156728758,index,Coastwide,19,Pacific cod
2012,3299.54683878935,1731.87529684061,6286.25476743364,8.10154041644612,0.328873558144361,2544.33794673133,index,Coastwide,19,Pacific cod
2013,2810.00246118005,1608.39207165408,4909.32153359692,7.94094063819219,0.284673798559283,2085.3509111428298,index,Coastwide,19,Pacific cod
2014,2488.06710730901,1559.76399328379,3968.85551732743,7.8192614258864,0.238255206283235,1894.20534897271,index,Coastwide,19,Pacific cod
2015,4168.83170477395,2937.79102296731,5915.72295199358,8.33539110881794,0.178563425851155,3185.65185666691,index,Coastwide,19,Pacific cod
2016,4103.24378734264,2473.31165592455,6807.31420888092,8.3195331075288,0.258280166634634,3110.48827581625,index,Coastwide,19,Pacific cod
2017,2490.06833653591,1423.16715027145,4356.78993815733,7.82006543347409,0.285426356503649,1836.81196966344,index,Coastwide,19,Pacific cod
2018,606.928288432623,226.786897733503,1624.26467746216,6.40841064311263,0.502254046924882,420.135256676191,index,Coastwide,19,Pacific cod
2019,1077.1425099014,453.530364789211,2558.23220827989,6.98206698957393,0.441337071776307,768.900180108999,index,Coastwide,19,Pacific cod
2021,195.063730018721,61.603765383158,617.654757499924,5.27332632577835,0.588073729848425,130.769491262437,index,Coastwide,19,Pacific cod
2022,1320.46832312604,680.324537416779,2562.94826436801,7.18574174290424,0.33835917542916,959.268942276779,index,Coastwide,19,Pacific cod
2023,1759.97364649055,1024.20958979464,3024.29040618759,7.47305411433518,0.276218163402903,1321.54027458193,index,Coastwide,19,Pacific cod
2024,1137.64442261884,473.388265668926,2733.98165137642,7.03671510770538,0.447354749984136,781.935870712134,index,Coastwide,19,Pacific cod
2003,47464.4633388448,35218.5436150698,63968.4396001132,10.7677365697913,0.152252052602427,44308.1104527578,index,Coastwide,22,Pacific spiny dogfish
2004,42036.0857878891,30629.2357750397,57691.0413744884,10.6462837138029,0.161520041692279,39236.3512615632,index,Coastwide,22,Pacific spiny dogfish
2005,42668.1949873245,33602.1526257118,54180.3045702278,10.6612090736075,0.121871455471174,40083.0987579978,index,Coastwide,22,Pacific spiny dogfish
2006,47651.9974833839,37301.7037437168,60874.2399477909,10.7716798281069,0.124943901354556,44554.4890764686,index,Coastwide,22,Pacific spiny dogfish
2007,33973.9789922815,26524.452843128,43515.7420737154,10.4333501868321,0.126292040815019,31730.0559513184,index,Coastwide,22,Pacific spiny dogfish
2008,38764.7569673575,31067.7013058285,48368.7662613255,10.5652667872501,0.112932060848754,36307.7378705476,index,Coastwide,22,Pacific spiny dogfish
2009,18098.4124516034,13900.6204158093,23563.8786953584,9.80357950355102,0.134640612418882,16682.7722400358,index,Coastwide,22,Pacific spiny dogfish
2010,22442.3276381308,17287.8904429659,29133.5759836528,10.0187040814468,0.133136385418648,20969.8469330791,index,Coastwide,22,Pacific spiny dogfish
2011,29438.639429263,22007.6614991932,39378.7177923437,10.2900633567362,0.148429990220293,27492.778127325,index,Coastwide,22,Pacific spiny dogfish
2012,32184.5932687674,22811.1566956628,45409.7114712705,10.3792431471152,0.175634922790979,29980.0492232726,index,Coastwide,22,Pacific spiny dogfish
2013,11770.6267782715,8253.11540244094,16787.3158192343,9.37336245102607,0.181134154117919,10668.3238975739,index,Coastwide,22,Pacific spiny dogfish
2014,25941.2182670756,19481.170148007,34543.4488825561,10.1635884215739,0.146117367074556,24029.1066754887,index,Coastwide,22,Pacific spiny dogfish
2015,15218.8448772336,11088.7079087459,20887.3063754003,9.63028973347858,0.161537238439258,14086.1014212236,index,Coastwide,22,Pacific spiny dogfish
2016,18970.6791149634,12845.0257865574,28017.5900043375,9.85064986170648,0.198951586724641,17405.6535567666,index,Coastwide,22,Pacific spiny dogfish
2017,9337.0822156694,6261.63293469561,13923.0621167684,9.14174908580763,0.203857217118951,8509.32403468815,index,Coastwide,22,Pacific spiny dogfish
2018,24339.349093464,16148.8651607386,36683.9346540444,10.0998496239269,0.2093122984228,22410.8120898765,index,Coastwide,22,Pacific spiny dogfish
2019,24358.2066996769,14032.1130729649,42283.1707910988,10.1006241025162,0.281393093988176,22123.421641733,index,Coastwide,22,Pacific spiny dogfish
2021,9338.40482616506,6605.27663494903,13202.445486678,9.14189072714688,0.176669893499005,8488.13327962361,index,Coastwide,22,Pacific spiny dogfish
2022,20374.6660391254,13269.2909327288,31284.7927074969,9.92204754725696,0.21879986499606,18561.3480583501,index,Coastwide,22,Pacific spiny dogfish
2023,10135.5658168572,7632.29547424326,13459.8686298934,9.22380588533539,0.14472814807596,9238.11927782548,index,Coastwide,22,Pacific spiny dogfish
2024,8668.84759283386,5840.26126730674,12867.3898560769,9.06749114200512,0.201514075129142,7907.2616768641,index,Coastwide,22,Pacific spiny dogfish
2003,18503.1844768383,15375.6480610115,22266.888161421,9.82569813013623,0.0944700461338205,16961.6698346609,index,Coastwide,23,petrale sole
2004,23223.3532743769,19583.3216077131,27539.9724372648,10.0529136580198,0.0869812480134896,21363.2160639635,index,Coastwide,23,petrale sole
2005,23474.2139297239,20151.9584952987,27344.176981458,10.063657818094,0.0778591141723289,21643.315532674,index,Coastwide,23,petrale sole
2006,20848.1353035945,17689.8887587207,24570.2362273315,9.94501978934714,0.0838134230422708,19170.8354761642,index,Coastwide,23,petrale sole
2007,18433.7154629929,15709.4823247954,21630.3668539255,9.82193662898872,0.0815917289796388,16961.7591622754,index,Coastwide,23,petrale sole
2008,16599.5018491919,14140.9867067038,19485.4480352987,9.71712796480953,0.081784791873759,15265.6307646022,index,Coastwide,23,petrale sole
2009,16538.0308447864,14158.2009360821,19317.8826503356,9.71341790736601,0.0792711508743361,15252.0577456133,index,Coastwide,23,petrale sole
2010,24668.8697467422,21340.8399934493,28515.8941620167,10.113297393587,0.0739398827003475,22827.3795946838,index,Coastwide,23,petrale sole
2011,31918.9824144481,27646.172488492,36852.1696375127,10.370956171809,0.0733246134894975,29572.9844648169,index,Coastwide,23,petrale sole
2012,38459.5242468279,33164.2945928678,44600.2251352105,10.557361648989,0.0755792137251275,35544.1806524001,index,Coastwide,23,petrale sole
2013,56781.030312015,47773.3802978287,67487.0688068202,10.9469575755477,0.0881310631678132,52295.4454807157,index,Coastwide,23,petrale sole
2014,57844.954335361,50342.4196506866,66465.5923429452,10.9655215090316,0.0708779224666454,53648.6930107765,index,Coastwide,23,petrale sole
2015,52790.3064366891,45714.2311134758,60961.6827364298,10.8740828626254,0.0734288652411088,48885.5000667218,index,Coastwide,23,petrale sole
2016,59410.4727119937,51374.4539903601,68703.489647303,10.992225798093,0.0741490534632912,54982.8295062378,index,Coastwide,23,petrale sole
2017,62209.1423715043,53843.2799508799,71874.8448855378,11.038257251391,0.0736872563635401,57580.4438010197,index,Coastwide,23,petrale sole
2018,42422.3990926284,36506.7686853403,49296.6101789478,10.6554317822156,0.0766232530740839,39179.1565381971,index,Coastwide,23,petrale sole
2019,45733.5879367533,37290.1767963424,56088.7945635564,10.7305882727205,0.104136127015293,41931.6172395345,index,Coastwide,23,petrale sole
2021,51540.2074157717,44440.1848389133,59774.5709224581,10.8501175085633,0.0756228719996809,47600.0453266027,index,Coastwide,23,petrale sole
2022,51195.9472637554,43811.8925949635,59824.5102183634,10.8434156528899,0.0794683342020492,47221.6708521061,index,Coastwide,23,petrale sole
2023,51526.3273774106,44226.5472690589,60030.967302336,10.8498481672397,0.0779441172032271,47552.3498841824,index,Coastwide,23,petrale sole
2024,44215.0573236893,38082.312518732,51335.4143915371,10.6968206734851,0.0761827562616084,40866.4133309595,index,Coastwide,23,petrale sole
2003,931.405653903166,643.285970481425,1348.57051440676,6.8366949008575,0.188832822577103,712.784435730859,index,Coastwide,24,redbanded rockfish
2004,868.606299445296,531.670060577608,1419.06975656366,6.76688997248669,0.250446878767455,655.022918232073,index,Coastwide,24,redbanded rockfish
2005,511.341547596355,347.248726400461,752.976637261147,6.23703775752971,0.197450793294071,392.373011511874,index,Coastwide,24,redbanded rockfish
2006,411.977728750292,269.388971458141,630.039337050673,6.0209692914571,0.21674529179773,310.1554425696,index,Coastwide,24,redbanded rockfish
2007,472.432751405571,308.718817777906,722.964366756561,6.15789541173705,0.217077725561557,359.205984292716,index,Coastwide,24,redbanded rockfish
2008,459.324180363673,309.352845095242,682.000201426321,6.12975623606764,0.201673969644422,350.014500848209,index,Coastwide,24,redbanded rockfish
2009,393.494186009099,265.205514351366,583.840327761139,5.97506629267613,0.201310454943424,302.042409244979,index,Coastwide,24,redbanded rockfish
2010,367.103563034979,223.454325541855,603.098757055539,5.9056439963532,0.253288819127015,273.436358469219,index,Coastwide,24,redbanded rockfish
2011,643.861088255338,419.951697282757,987.154245718461,6.46748300137058,0.218036304007304,487.733163798653,index,Coastwide,24,redbanded rockfish
2012,433.838592534879,298.743560436836,630.025042539586,6.07267255832433,0.190354013276229,330.835339691271,index,Coastwide,24,redbanded rockfish
2013,661.611479309963,428.146770502629,1022.38246253928,6.49467849439022,0.222051241395468,500.166416056503,index,Coastwide,24,redbanded rockfish
2014,1213.45052826344,812.059213238706,1813.24484783598,7.10122325652635,0.204927233093975,929.61749886682,index,Coastwide,24,redbanded rockfish
2015,593.789696592235,396.680934259436,888.84081216896,6.38652521053249,0.205816508977988,449.512870641935,index,Coastwide,24,redbanded rockfish
2016,398.428325378222,253.02793593987101,627.381833843905,5.98752762102002,0.231651052384043,298.07328170339,index,Coastwide,24,redbanded rockfish
2017,808.143931089298,558.227350280603,1169.9473575205,6.69474017519364,0.188765641068923,619.284778077152,index,Coastwide,24,redbanded rockfish
2018,896.46446040707,578.666189361403,1388.79468603448,6.79845864965714,0.223337199762014,674.403507172947,index,Coastwide,24,redbanded rockfish
2019,645.913723403573,378.270578702188,1102.92621623511,6.4706659397605,0.272992865054394,480.268459864813,index,Coastwide,24,redbanded rockfish
2021,934.938145346491,663.77172169146,1316.88245681283,6.84048037239073,0.174769576053338,716.399422741345,index,Coastwide,24,redbanded rockfish
2022,1209.61273152482,822.281160042488,1779.39497019648,7.09805553077068,0.19692869532061,921.191181782681,index,Coastwide,24,redbanded rockfish
2023,1607.17500330367,1058.89992932586,2439.33484147893,7.38223326043283,0.212885245867065,1219.53408872703,index,Coastwide,24,redbanded rockfish
2024,1326.59258907539,898.642131038997,1958.34118678036,7.19036897067105,0.198720023943391,1008.50617819519,index,Coastwide,24,redbanded rockfish
2003,605.523662540453,354.989960362332,1032.87119872957,6.40609364156971,0.272456094793497,531.326061143258,index,Coastwide,27,rougheye rockfish
2004,1506.99469938972,837.176959804677,2712.72757496642,7.31787268129431,0.29992245585992,1321.04325497387,index,Coastwide,27,rougheye rockfish
2005,1757.73345671584,956.249882747739,3230.98278033804,7.4717804494098,0.310598149602563,1537.63878852396,index,Coastwide,27,rougheye rockfish
2006,726.918137393183,428.495051399451,1233.17638499069,6.58881386788268,0.26966550545823,638.002818509131,index,Coastwide,27,rougheye rockfish
2007,849.596044989128,514.938949885183,1401.74566290259,6.74476099533222,0.255470329841359,744.76893188009706,index,Coastwide,27,rougheye rockfish
2008,966.693668111142,583.954991935979,1600.28882511655,6.87388165944512,0.257177046193474,847.559852224235,index,Coastwide,27,rougheye rockfish
2009,1013.19019231837,558.171920480182,1839.1365243293,6.92085923817381,0.30418529459197,883.098221691589,index,Coastwide,27,rougheye rockfish
2010,855.060545053264,487.731118822751,1499.04016268539,6.75117227935744,0.286437922227212,747.168439882043,index,Coastwide,27,rougheye rockfish
2011,1174.04971537524,664.731630916744,2073.60785926753,7.06821434648908,0.29022520531223,1022.66071192542,index,Coastwide,27,rougheye rockfish
2012,613.195741661199,313.570374225087,1199.12162786629,6.41868420252019,0.342179955214533,532.70973407108,index,Coastwide,27,rougheye rockfish
2013,1056.32079840946,560.019226502749,1992.45593070171,6.96254720450506,0.323769259705822,924.248619494567,index,Coastwide,27,rougheye rockfish
2014,485.987754627357,238.410655772865,990.660827982261,6.18618342734306,0.363368307649819,421.474511105634,index,Coastwide,27,rougheye rockfish
2015,1240.11327327077,718.796486139013,2139.52204858849,7.12295800383889,0.278260081181757,1086.38350411474,index,Coastwide,27,rougheye rockfish
2016,1059.23692589119,598.080356589678,1875.97344204562,6.96530404663246,0.291627259811884,924.67666351408,index,Coastwide,27,rougheye rockfish
2017,613.743972803198,329.993482710639,1141.48213188365,6.41957785878059,0.316589977556346,534.000907292494,index,Coastwide,27,rougheye rockfish
2018,867.895863771827,481.44775519322,1564.53783869019,6.76607173484996,0.300655531641663,756.328636102896,index,Coastwide,27,rougheye rockfish
2019,1051.85084824133,408.42555867728,2708.91520728804,6.95830660400775,0.482660367576053,911.058050615548,index,Coastwide,27,rougheye rockfish
2021,980.618035493479,573.857501841646,1675.69776198629,6.88818302135218,0.273373344974963,858.089265647343,index,Coastwide,27,rougheye rockfish
2022,492.232301952041,238.213302021709,1017.12472405477,6.1989507634997,0.370304898428108,427.807661923822,index,Coastwide,27,rougheye rockfish
2023,835.043020488708,454.30461577826,1534.8663030253,6.72748324506703,0.310574743697372,729.709970303261,index,Coastwide,27,rougheye rockfish
2024,404.61152027189,189.392150239911,864.399512489568,6.00292739756579,0.387306944957893,350.502218181679,index,Coastwide,27,rougheye rockfish
2003,115503.864311233,101421.116950857,131542.060193362,11.6570592656244,0.0663393124768686,105258.00655543,index,Coastwide,29,sablefish
2004,139330.451435483,120539.758413676,161050.38663337,11.8446037391475,0.0739140195715995,126107.169681793,index,Coastwide,29,sablefish
2005,126053.743135554,111013.631977464,143131.486426008,11.7444636278162,0.0648253465149126,114641.315310895,index,Coastwide,29,sablefish
2006,119336.428074586,104831.423359392,135848.418434404,11.6897019099644,0.0661201245764369,108457.628273571,index,Coastwide,29,sablefish
2007,114167.146277924,100617.575114034,129541.357704882,11.645418848982,0.064458646009175,103921.933133963,index,Coastwide,29,sablefish
2008,81680.7065237433,71861.8940632186,92841.1073099269,11.3105731027001,0.0653438969825298,74165.0586847524,index,Coastwide,29,sablefish
2009,71667.676376283,62942.6639721664,81602.13618297,11.1797951073138,0.0662336721656855,65026.2362686989,index,Coastwide,29,sablefish
2010,76605.1232611921,67742.0758409355,86627.7691820642,11.2464192367975,0.0627340439025216,69688.5987098492,index,Coastwide,29,sablefish
2011,89108.9761489432,78674.3238513543,100927.586556897,11.3976153507971,0.0635436283948634,81100.1767165882,index,Coastwide,29,sablefish
2012,81341.4766661729,71769.9674420007,92189.4778840533,11.30641133354,0.0638735955084128,74001.8646781147,index,Coastwide,29,sablefish
2013,91008.8376879415,78643.6619673128,105318.195136343,11.4187118982333,0.0745062559471427,82474.3596828499,index,Coastwide,29,sablefish
2014,88398.13020216,78087.4254565846,100070.26582766,11.3896060968428,0.0632775809318906,80475.8243382611,index,Coastwide,29,sablefish
2015,92219.0254410732,81099.7308959796,104862.846760974,11.4319217379438,0.0655557025713794,83829.0076166747,index,Coastwide,29,sablefish
2016,98980.0868490216,87326.1919822035,112189.222617613,11.5026739659456,0.0639135450437673,90016.6898170906,index,Coastwide,29,sablefish
2017,115888.824998669,102298.098534876,131285.135813091,11.6603866053407,0.0636441494356706,105415.663921491,index,Coastwide,29,sablefish
2018,117247.617908991,103423.675083152,132919.313631819,11.6720433697609,0.0640084154172211,106642.251027092,index,Coastwide,29,sablefish
2019,109246.103783064,91781.2941129582,130034.24398322,11.601358449009,0.0888764601648817,98299.8620314734,index,Coastwide,29,sablefish
2021,158536.419752393,141254.841353673,177932.282865812,11.9737396235223,0.0588881739364144,144497.901541722,index,Coastwide,29,sablefish
2022,251227.791474512,221749.551805148,284624.716015754,12.4341153423074,0.0636804881589153,228255.343201729,index,Coastwide,29,sablefish
2023,224263.997612055,198323.050662379,253598.058606711,12.3205791976477,0.0627188302956038,203961.27322621,index,Coastwide,29,sablefish
2024,215871.786467715,191584.821910316,243237.578677172,12.2824399292593,0.0608960197262667,196295.222958226,index,Coastwide,29,sablefish
2003,104522.300155759,92548.6607220883,118045.049432499,11.5571557262405,0.0620755688172046,82489.75163685,index,Coastwide,30,sablefish
2004,118438.403918554,103260.06826613,135847.823445376,11.6821483062598,0.0699718401965404,91614.5375357133,index,Coastwide,30,sablefish
2005,104594.846142825,92918.1452815096,117738.917479429,11.5578495573419,0.0603966868627792,82054.2731980132,index,Coastwide,30,sablefish
2006,98919.902076765,87824.365917268,111417.223736002,11.5020657317113,0.0607008472528273,77622.9593552058,index,Coastwide,30,sablefish
2007,91740.600658274,81783.9513277099,102909.405482458,11.4267203155275,0.0586153659604069,72409.8312576963,index,Coastwide,30,sablefish
2008,68659.4453841575,60978.3825238742,77308.043364621,11.1369139892651,0.060531364203173,53887.3583561565,index,Coastwide,30,sablefish
2009,65080.1025134692,57750.2086003455,73340.3366985987,11.0833741365233,0.0609663733421413,50992.4039719529,index,Coastwide,30,sablefish
2010,66152.6539422162,59032.4791067346,74131.6253326615,11.099720288802,0.0581016921452787,52088.7147865907,index,Coastwide,30,sablefish
2011,76062.9058870662,67877.9361048842,85234.8492600733,11.2393159859466,0.0580876347797417,60005.595863971,index,Coastwide,30,sablefish
2012,66814.896964527,59689.7310050524,74790.5943151675,11.1096813431131,0.0575347656298148,52896.1447429046,index,Coastwide,30,sablefish
2013,75735.6589060118,66148.6231365682,86712.1605552643,11.2350043840753,0.0690548551291716,58677.4001800671,index,Coastwide,30,sablefish
2014,78705.20936738,70216.6703304438,88219.9334205312,11.2734646249389,0.0582273934224509,62274.1284420152,index,Coastwide,30,sablefish
2015,77767.8715299252,69094.1604818544,87530.4338328744,11.2614836625338,0.060336906955385,61085.9562404553,index,Coastwide,30,sablefish
2016,81774.8651800986,73054.0439974784,91536.7337563698,11.3117252037363,0.057536990307397,64559.1080995566,index,Coastwide,30,sablefish
2017,111374.081020535,97396.3793249016,127357.772528585,11.6206499135205,0.0684224806650933,88509.2080084941,index,Coastwide,30,sablefish
2018,110442.644393454,98042.937308463,124410.569853113,11.6122516099213,0.060761735093478,87361.0574617605,index,Coastwide,30,sablefish
2019,96274.4094175109,81540.1605426522,113671.126559068,11.4749578243357,0.0847499649954874,73460.6276867315,index,Coastwide,30,sablefish
2021,153554.692116563,138285.738740359,170509.581723996,11.9418120829831,0.0534370477031251,121489.800521249,index,Coastwide,30,sablefish
2022,228606.050834632,203701.513140772,256555.416169592,12.3397554990854,0.058850300070447,179451.323595097,index,Coastwide,30,sablefish
2023,215072.84898373,191939.983096836,240993.719097294,12.2787320822015,0.0580592648601266,169521.007936862,index,Coastwide,30,sablefish
2024,209013.309174072,187178.417409656,233395.302815733,12.2501532091782,0.0562947407628537,165308.376965238,index,Coastwide,30,sablefish
2003,20820.8918043324,12960.2215429689,33449.2380466214,9.94371217527334,0.241877970660543,12019.6595557283,index,Coastwide,34,stripetail rockfish
2004,43728.1737977302,25755.5888095362,74242.2624396187,10.6857478826781,0.270076880577698,24544.3780575882,index,Coastwide,34,stripetail rockfish
2005,36757.3283177711,22549.339736486,59917.5497309248,10.5120928947688,0.249306535272783,21473.5413002908,index,Coastwide,34,stripetail rockfish
2006,26389.0328717917,15425.9053097542,45143.6101755505,10.1807037812999,0.27393372909586,15162.3983215487,index,Coastwide,34,stripetail rockfish
2007,18599.9959789733,11779.2532514072,29370.2701719646,9.83091664351704,0.233076517296194,10807.1984637752,index,Coastwide,34,stripetail rockfish
2008,22538.0655817991,13946.7532765092,36421.6954368192,10.0229609623403,0.244881511088978,13057.3998757225,index,Coastwide,34,stripetail rockfish
2009,18520.5829193436,12365.346676607,27739.7796150107,9.82663798283138,0.206118464180005,11014.511467249,index,Coastwide,34,stripetail rockfish
2010,15657.7720895582,9717.61875302821,25229.0023965128,9.65872269183492,0.243385497087225,8818.05507272769,index,Coastwide,34,stripetail rockfish
2011,39669.1523593993,22174.2618056017,70967.0365899483,10.5883291459849,0.296761386146487,22362.487913523,index,Coastwide,34,stripetail rockfish
2012,29952.2806131067,17769.8684073804,50486.536723799,10.3073607479937,0.266383074543892,17355.2432434789,index,Coastwide,34,stripetail rockfish
2013,30937.0613101035,17854.3167953596,53606.1823857553,10.3397101393351,0.280469206794713,17546.5799646932,index,Coastwide,34,stripetail rockfish
2014,37297.5569310326,20014.2720148425,69505.78826909,10.5266831056593,0.31759879864275,22177.0683030006,index,Coastwide,34,stripetail rockfish
2015,26137.6177592055,15415.9574633271,44316.0967297382,10.1711308491005,0.269378622479543,15278.1449760689,index,Coastwide,34,stripetail rockfish
2016,48134.1802514252,25852.0700824657,89621.4230073646,10.7817478118692,0.317149631055668,27995.5726164184,index,Coastwide,34,stripetail rockfish
2017,38192.3247838637,24072.0491257416,60595.326337894,10.5503898525188,0.235505956776929,22263.6688003693,index,Coastwide,34,stripetail rockfish
2018,50264.2439839809,32289.4225702104,78245.2587310142,10.8250492481212,0.22579714251859,29582.8706798865,index,Coastwide,34,stripetail rockfish
2019,52025.9548741519,29065.2407206059,93124.9806800454,10.8594980052338,0.297046143489269,28842.0581260051,index,Coastwide,34,stripetail rockfish
2021,56502.2195455468,37466.425800134,85209.6442453221,10.9420352003549,0.209613393238152,33213.5518351691,index,Coastwide,34,stripetail rockfish
2022,47058.4781081723,28245.4332378261,78402.067449675,10.7591463223656,0.260443180682522,26857.909723239,index,Coastwide,34,stripetail rockfish
2023,38047.584331017,22822.7794449611,63428.6755877783,10.5465928745732,0.260759107802732,21753.8345944278,index,Coastwide,34,stripetail rockfish
2024,50681.8533909392,31807.9272958882,80755.0344052974,10.8333232042269,0.237684153466904,29490.4821296885,index,Coastwide,34,stripetail rockfish
2003,2436.56794704604,1030.01937690717,5763.83657790857,7.7983457490468,0.439300345445322,2291.25246838327,index,Coastwide,35,widow rockfish
2004,1208.98878500835,396.786071653752,3683.73283916947,7.0975395743173,0.568450395002118,1133.30525244206,index,Coastwide,35,widow rockfish
2005,1265.83033053883,540.857650319758,2962.56588912948,7.14348357361111,0.433848509130057,1187.96398293366,index,Coastwide,35,widow rockfish
2006,1405.49040768703,662.834816986813,2980.23464591113,7.24814156548305,0.383484470675907,1323.55798104523,index,Coastwide,35,widow rockfish
2007,1749.61533521281,834.821973877444,3666.83426766295,7.46715123430632,0.377523639699788,1647.84492700807,index,Coastwide,35,widow rockfish
2008,743.574468276487,296.657759094179,1863.77390418139,6.61146891996531,0.468829927045257,697.150847522232,index,Coastwide,35,widow rockfish
2009,2372.2638594879,1189.25228900673,4732.07903070983,7.77159999317547,0.352312562150894,2239.56220980807,index,Coastwide,35,widow rockfish
2010,2506.85286214955,1198.08432943357,5245.29961546068,7.82678340563,0.376692757319991,2363.18245147197,index,Coastwide,35,widow rockfish
2011,2943.02005031878,1480.56898772003,5850.02596192172,7.98719156109466,0.350521653701689,2777.84343344228,index,Coastwide,35,widow rockfish
2012,1544.06728165821,776.267879103159,3071.28999468821,7.34217530583881,0.350862386053829,1457.79838813588,index,Coastwide,35,widow rockfish
2013,2140.70920504221,844.367599799173,5427.2995572573,7.66889245733898,0.474653881457769,2013.99385141685,index,Coastwide,35,widow rockfish
2014,2048.62079801583,1004.93240740897,4176.24821641864,7.62492206425776,0.363397750139278,1932.67259601808,index,Coastwide,35,widow rockfish
2015,1071.81930223687,467.723997708796,2456.14213141737,6.97711276607648,0.423086546056587,1006.7198461645,index,Coastwide,35,widow rockfish
2016,6877.00646346784,3742.4127346725,12637.0930337049,8.83593872918675,0.310440873073691,6517.8411318856,index,Coastwide,35,widow rockfish
2017,2689.45026241573,1327.19254565552,5449.95730851958,7.89709208829661,0.360348951104111,2538.52298953881,index,Coastwide,35,widow rockfish
2018,4008.7291651335,2073.44246973344,7750.35225426719,8.29622955364643,0.3363653745843,3793.13184933327,index,Coastwide,35,widow rockfish
2019,4039.10911814469,1833.27602391165,8899.04316398009,8.3037794313274,0.403027614373978,3839.69155210851,index,Coastwide,35,widow rockfish
2021,984.276384499134,402.414514014062,2407.46784060784,6.89190673616929,0.456347186206431,922.222698324993,index,Coastwide,35,widow rockfish
2022,983.925204096058,402.87646316295,2402.99172519269,6.89154988206568,0.455579754105754,922.634073352471,index,Coastwide,35,widow rockfish
2023,1615.44037628671,801.416078644274,3256.2955484397,7.38736287730195,0.357650763807741,1525.88345847648,index,Coastwide,35,widow rockfish
2024,3360.90827890976,1756.59932323871,6430.43880855983,8.11996653753118,0.331042573452299,3177.49429452357,index,Coastwide,35,widow rockfish
2003,4830.55397969059,1931.56731013972,12080.4755952391,8.4827164356577,0.467676657710643,3680.31649325346,index,Coastwide,41,widow rockfish
2004,1565.35752286498,469.824440197959,5215.4463768584,7.35586952599873,0.614047218245708,1190.358087307,index,Coastwide,41,widow rockfish
2005,1928.4037729491,760.654235603982,4888.87189140742,7.56444787904744,0.474635752029611,1467.50853758384,index,Coastwide,41,widow rockfish
2006,1922.43362521215,864.511545038055,4274.958575809,7.56134717553653,0.407753674160338,1465.75674592176,index,Coastwide,41,widow rockfish
2007,1685.36729441428,770.9658002787,3684.29172351679,7.4297387979134,0.399035282851182,1285.03001093749,index,Coastwide,41,widow rockfish
2008,667.339105471402,266.601979665967,1670.43576439062,6.5032983207272,0.468142014161398,507.564082196268,index,Coastwide,41,widow rockfish
2009,3147.25018532564,1506.20251421758,6576.26290989007,8.05428439353131,0.375995440953413,2402.34326177669,index,Coastwide,41,widow rockfish
2010,3090.0467514969,1430.82481483802,6673.34591028703,8.0359414997116,0.39283127405364,2357.24883683594,index,Coastwide,41,widow rockfish
2011,7132.05648644183,3237.79809765142,15710.1302155602,8.87235489909214,0.402918689862456,5444.58843117205,index,Coastwide,41,widow rockfish
2012,1662.34987939753,781.443314654722,3536.28608717958,7.41598747034614,0.38513200400646,1269.40383398663,index,Coastwide,41,widow rockfish
2013,8816.89582022757,3254.04700237064,23889.5295145131,9.08442513923266,0.508565675150331,6718.33459884042,index,Coastwide,41,widow rockfish
2014,3476.9475269538,1615.75941569655,7482.03228014523,8.15391004042254,0.391001923961344,2653.72401372194,index,Coastwide,41,widow rockfish
2015,1331.63577437196,537.801651922638,3297.22645746409,7.19416337104438,0.462597049096828,1013.93280942436,index,Coastwide,41,widow rockfish
2016,31223.239598517,15063.0245131462,64720.7796930538,10.3489179554547,0.371904611068382,23878.3309550732,index,Coastwide,41,widow rockfish
2017,7828.50330010433,3477.87514335479,17621.5250385981,8.96552662130151,0.413961599503566,5975.55789276669,index,Coastwide,41,widow rockfish
2018,6336.33722301095,3126.15917630895,12842.9702837839,8.7540561554067,0.360463626459459,4842.3981130836,index,Coastwide,41,widow rockfish
2019,4614.95855136559,2019.74941161453,10544.7944722002,8.43705816561072,0.42160439838942,3533.50875326012,index,Coastwide,41,widow rockfish
2021,1265.72202832306,512.610313718722,3125.28291005343,7.14339801171037,0.46117279945409,962.254709215554,index,Coastwide,41,widow rockfish
2022,1332.80057822565,543.217597763591,3270.06597104332,7.19503770525526,0.457930727372088,1013.81593659513,index,Coastwide,41,widow rockfish
2023,2264.45684279787,1097.57891951691,4671.88709778706,7.72509020465519,0.369510949976691,1729.16908073795,index,Coastwide,41,widow rockfish
2024,5573.17567889649,2753.84134299647,11278.8949250237,8.62572031029115,0.359684283937212,4257.99825791997,index,Coastwide,41,widow rockfish
2003,1270.86625682484,624.100850132818,2587.88470227568,7.14745403892168,0.362834251250519,1102.88013657394,index,Coastwide,36,yelloweye rockfish
2004,423.460101036193,147.052464197763,1219.41824061124,6.04845929722454,0.539637403114277,364.382774826814,index,Coastwide,36,yelloweye rockfish
2005,512.629016643615,224.100722212548,1172.6357064381,6.23955241912384,0.422179602341972,443.0260052256,index,Coastwide,36,yelloweye rockfish
2006,631.018675783385,269.935304187698,1475.11112110975,6.44733545922428,0.43324936057785,544.667942922183,index,Coastwide,36,yelloweye rockfish
2007,537.273226904214,220.324318060962,1310.17094657793,6.2865067675415,0.454807405004574,463.328724244185,index,Coastwide,36,yelloweye rockfish
2008,976.299401863317,441.601846517166,2158.41607003249,6.88376930357479,0.404783268189536,846.253245592237,index,Coastwide,36,yelloweye rockfish
2009,831.90055167828,332.134309540308,2083.67069587142,6.72371290444418,0.468464460453852,717.459505743551,index,Coastwide,36,yelloweye rockfish
2010,663.985361878548,306.965701909037,1436.24045959255,6.4982601038698,0.393641969329768,573.431721959891,index,Coastwide,36,yelloweye rockfish
2011,677.062112422,290.576083906367,1577.60094332146,6.51776301526512,0.431588321623551,584.23691930495,index,Coastwide,36,yelloweye rockfish
2012,916.816588933207,382.973614781658,2194.80566101751,6.82090744018291,0.445386420960032,793.398328226044,index,Coastwide,36,yelloweye rockfish
2013,911.456119410938,392.127684689757,2118.57588751715,6.81504345188578,0.430342570341234,790.776176662302,index,Coastwide,36,yelloweye rockfish
2014,2149.57686545552,1067.02644154548,4330.42755136319,7.67302629498784,0.357351088240909,1865.3571347581,index,Coastwide,36,yelloweye rockfish
2015,655.759303680668,267.609827345878,1606.89264900562,6.48579380649333,0.457285828704092,565.709231855285,index,Coastwide,36,yelloweye rockfish
2016,1264.49412072268,672.670147797341,2377.01254705292,7.14242741661141,0.322032616026639,1101.62839387008,index,Coastwide,36,yelloweye rockfish
2017,452.803670076836,220.994964671534,927.763960322765,6.11545863214949,0.365985661390273,393.043874586425,index,Coastwide,36,yelloweye rockfish
2018,620.142020146547,328.419923919371,1170.989020891,6.42994851656031,0.324319975350117,540.295195791935,index,Coastwide,36,yelloweye rockfish
2019,650.564053846782,234.663138495581,1803.57933875298,6.4778397617394,0.520258911503291,563.981529325834,index,Coastwide,36,yelloweye rockfish
2021,855.886412533597,404.554745792555,1810.73528064668,6.75213767169858,0.382328761336186,743.496296284565,index,Coastwide,36,yelloweye rockfish
2022,741.819316437576,364.730955643789,1508.77212291614,6.60910570467005,0.362223865494622,643.960703027301,index,Coastwide,36,yelloweye rockfish
2023,615.453386305205,260.275106607217,1455.3173204004,6.42235920970252,0.439099923537227,532.13433159105,index,Coastwide,36,yelloweye rockfish
2024,636.812328601506,335.51654364004,1208.67346050735,6.45647499458383,0.3269466857758,553.134687508264,index,Coastwide,36,yelloweye rockfish
2003,15775.3527494804,7970.78925190961,31221.7205229603,9.66620404845768,0.348304999029584,14234.3294557976,index,Coastwide,39,yellowtail rockfish
2004,11067.4078673335,4918.57782078825,24903.0352603604,9.31175983995755,0.413775528259537,9919.56049344444,index,Coastwide,39,yellowtail rockfish
2005,19069.0178923006,10539.3222996023,34501.9758424698,9.85582019712674,0.30253192391603,17391.750183388802,index,Coastwide,39,yellowtail rockfish
2006,9114.9031077713,4517.53358882906,18390.8889730234,9.11766605708054,0.358141580615436,8210.71631828877,index,Coastwide,39,yellowtail rockfish
2007,13723.1144955012,7622.06001937627,24707.739243445,9.52683687956364,0.300023331197617,12425.6393385037,index,Coastwide,39,yellowtail rockfish
2008,8957.01291065921,4459.19675694896,17991.5990826583,9.10019206987856,0.355857631020069,8056.07596965232,index,Coastwide,39,yellowtail rockfish
2009,7446.453784462,3828.13952703527,14484.7578236188,8.91549319596301,0.339475112927539,6731.64514941695,index,Coastwide,39,yellowtail rockfish
2010,19194.6864094655,10611.7560361794,34719.6057939501,9.86238877020666,0.30238874250609,17330.0742040153,index,Coastwide,39,yellowtail rockfish
2011,16332.8686268748,9121.58819980411,29245.1919270462,9.70093483660408,0.297217514493498,14824.5170451853,index,Coastwide,39,yellowtail rockfish
2012,17292.827238724,9351.40216557053,31978.2925184579,9.7580470840328,0.313661635423216,15734.8847037684,index,Coastwide,39,yellowtail rockfish
2013,9937.57712712573,4155.44316273884,23765.3206385052,9.20407852015267,0.444857236015172,8856.36696649549,index,Coastwide,39,yellowtail rockfish
2014,31023.067684949,17907.4032022861,53744.8516523078,10.3424863256174,0.280370882784898,28316.2112916151,index,Coastwide,39,yellowtail rockfish
2015,20130.1675916654,11993.1972814277,33787.7913420177,9.90997484406691,0.264229329386054,18345.2271676132,index,Coastwide,39,yellowtail rockfish
2016,49084.4286674868,31428.60962728,76658.852115505,10.8012971284029,0.227465014779662,45025.8787530685,index,Coastwide,39,yellowtail rockfish
2017,40752.4359839625,25308.1879649957,65621.4913894271,10.6152708956299,0.243059383769492,37373.1339302281,index,Coastwide,39,yellowtail rockfish
2018,23622.9846896514,14296.6361772687,39033.3361448185,10.0699754445816,0.256227100255494,21615.443405506,index,Coastwide,39,yellowtail rockfish
2019,35080.4198107792,17941.8916181319,68590.0840498246,10.4653984136545,0.342100593440335,32153.9569950221,index,Coastwide,39,yellowtail rockfish
2021,11462.6884849181,5797.08924058597,22665.3794429068,9.34685256004288,0.347833608131908,10319.4018557899,index,Coastwide,39,yellowtail rockfish
2022,14949.1249077665,7796.54115167222,28663.5228571934,9.61240804250806,0.332134965442217,13631.3508958557,index,Coastwide,39,yellowtail rockfish
2023,17211.2929902839,10552.8696695106,28070.905419524,9.75332101655684,0.249580049383315,15755.3600434632,index,Coastwide,39,yellowtail rockfish
2024,16499.6341761697,9252.0749204372,29424.5269616303,9.71109348850166,0.295153570162675,15026.27939474,index,Coastwide,39,yellowtail rockfish
2003,23828.593845764,12116.7480197697,46860.9138144951,10.0786415606205,0.345056163039335,18914.5241073366,index,Coastwide,40,yellowtail rockfish
2004,12348.9527533828,5606.92443947615,27197.9113953477,9.42132654116369,0.402848688784283,9768.1496508777691,index,Coastwide,40,yellowtail rockfish
2005,19765.9379179916,11302.4234762824,34567.1264749323,9.89171542808285,0.285180229768705,15781.899273361,index,Coastwide,40,yellowtail rockfish
2006,6396.71640982339,3263.01886115387,12539.9155103978,8.76354007672186,0.343441004602178,5071.78057059486,index,Coastwide,40,yellowtail rockfish
2007,17984.1861871218,9884.93975861034,32719.5674137857,9.79724810557142,0.305352786545332,14295.4247707444,index,Coastwide,40,yellowtail rockfish
2008,9508.96017255902,4657.26393786046,19414.902133473,9.15998980913642,0.364193626963669,7535.77570749092,index,Coastwide,40,yellowtail rockfish
2009,7489.51195206419,3803.65236175504,14747.086206961,8.92125891445024,0.345690986087842,5944.37761358225,index,Coastwide,40,yellowtail rockfish
2010,20883.6871621382,11637.3253313643,37476.6861858393,9.94672361463172,0.298347677248983,16583.7248064522,index,Coastwide,40,yellowtail rockfish
2011,25897.0911317302,14001.2072611742,47900.107224675,10.161885929864,0.313774690195529,20605.2498199161,index,Coastwide,40,yellowtail rockfish
2012,25671.7263506491,13927.9291841656,47317.697060943,10.1531455232848,0.311992532054387,20469.7306162915,index,Coastwide,40,yellowtail rockfish
2013,19632.4066325478,8146.30582720339,47313.6410983508,9.88493687947802,0.448792455206495,15447.5608714025,index,Coastwide,40,yellowtail rockfish
2014,58680.7309076428,32569.0047405427,105727.154000771,10.9798666880015,0.300388350190989,46829.8617710605,index,Coastwide,40,yellowtail rockfish
2015,22536.2843568677,13766.5875949893,36892.5203220627,10.022881927371,0.251475121328572,17954.6129229422,index,Coastwide,40,yellowtail rockfish
2016,66870.9354687449,42537.7692425098,105123.566423325,11.1105197043138,0.230806310503621,52965.569339252,index,Coastwide,40,yellowtail rockfish
2017,54949.7916163322,33867.6504115678,89155.2724202857,10.9141751675831,0.246922697956869,43704.8543197195,index,Coastwide,40,yellowtail rockfish
2018,23256.3478845455,14319.5071682164,37770.6935422675,10.0543334010426,0.247430759224568,18532.2727609102,index,Coastwide,40,yellowtail rockfish
2019,49945.5317431783,26626.398801087,93687.3273680175,10.8186883254844,0.320939513013684,39805.0232144772,index,Coastwide,40,yellowtail rockfish
2021,14413.0581663409,7253.90344664816,28637.8564636554,9.57588989176086,0.350309948439065,11432.5774567401,index,Coastwide,40,yellowtail rockfish
2022,17422.2321581403,9349.41129518297,32465.5920879772,9.76550237986348,0.317574061337208,13901.3476969796,index,Coastwide,40,yellowtail rockfish
2023,14756.3081416025,9228.05042652191,23596.384924827,9.59942594096007,0.239505858715541,11755.4950560779,index,Coastwide,40,yellowtail rockfish
2024,19115.0822156339,10687.7956568568,34187.2524364768,9.85823294722688,0.296625435544149,15235.9611116744,index,Coastwide,40,yellowtail rockfish
